,tweet_id,favorite_count,retweet_count
0,892420643555336193,35945,7635
1,892177421306343426,31025,5647
2,891815181378084864,23343,3741
3,891689557279858688,39233,7809
4,891327558926688256,37478,8401
5,891087950875897856,18893,2820
6,890971913173991426,10974,1836
7,890729181411237888,60578,17044
8,890609185150312448,25985,3881
9,890240255349198849,29689,6637
10,890006608113172480,28583,6622
11,889880896479866881,26000,4502
12,889665388333682689,44745,9032
13,889638837579907072,25185,4050
14,889531135344209921,14117,2042
15,889278841981685760,23475,4821
16,888917238123831296,27118,4061
17,888804989199671297,23823,3829
18,888554962724278272,18379,3143
19,888202515573088257,0,0
20,888078434458587136,20295,3137
21,887705289381826560,28187,4879
22,887517139158093824,43217,10653
23,887473957103951883,64043,16276
24,887343217045368832,31367,9475
25,887101392804085760,28550,5399
26,886983233522544640,32511,6932
27,886736880519319552,11163,2905
28,886680336477933568,20945,4049
29,886366144734445568,19694,2863
30,886267009285017600,111,4
31,886258384151887873,26079,5711
32,886054160059072513,0,100
33,885984800019947520,30375,6075
34,885528943205470208,33471,5778
35,885518971528720385,19076,3379
36,885311592912609280,0,16738
37,885167619883638784,20389,3951
38,884925521741709313,71792,16348
39,884876753390489601,25932,5042
40,884562892145688576,22653,4251
41,884441805382717440,25264,5148
42,884247878851493888,67605,18373
43,884162670584377345,19015,2711
44,883838122936631299,20364,3103
45,883482846933004288,42690,8934
46,883360690899218434,21124,3350
47,883117836046086144,34596,6014
48,882992080364220416,22267,3519
49,882762694511734784,26323,4418
50,882627270321602560,26089,5498
51,882268110199369728,41772,10471
52,882045870035918850,27317,4413
53,881906580714921986,22689,3077
54,881666595344535552,47237,9655
55,881633300179243008,116,7
56,881536004380872706,46113,14465
57,881268444196462592,21662,4781
58,880935762899988482,15948,2531
59,880872448815771648,19844,3467
60,880465832366813184,26536,5625
61,880221127280381952,25132,3775
62,880095782870896641,25751,3930
63,879862464715927552,20858,3162
64,879674319642796034,294,10
65,879492040517615616,21904,2892
66,879415818425184262,98637,40283
67,879376492567855104,15689,2834
68,879130579576475649,0,6167
69,879050749262655488,21027,4263
70,879008229531029506,17735,2427
71,878776093423087618,18080,3708
72,878604707211726852,28103,6424
73,878404777348136964,0,1166
74,878316110768087041,0,6030
75,878281511006478336,7216,1166
76,878057613040115712,39274,6167
77,877736472329191424,73991,17198
78,877611172832227328,0,73
79,877556246731214848,21186,3452
80,877316821321428993,25593,4728
81,877201837425926144,25315,5061
82,876838120628539392,19328,3031
83,876537666061221889,22127,4269
84,876484053909872640,17547,2149
85,876120275196170240,26155,4244
86,875747767867523072,23515,3887
87,875144289856114688,20505,4462
88,875097192612077568,25648,5528
89,875021211251597312,23862,4291
90,874680097055178752,26018,4213
91,874434818259525634,0,13233
92,874296783580663808,24370,3750
93,874057562936811520,21267,3631
94,874012996292530176,32068,9335
95,873697596434513921,0,0
96,873580283840344065,22688,3596
97,873337748698140672,0,1450
98,873213775632977920,6707,1450
99,872967104147763200,25536,4947
100,872820683541237760,13820,3404
101,872668790621863937,0,0
102,872620804844003328,19437,3333
103,872486979161796608,38242,8270
104,872261713294495745,0,0
105,872122724285648897,32178,7393
106,871879754684805121,35286,10039
107,871762521631449091,18989,3198
108,871515927908634625,18944,3186
109,871166179821445120,0,5238
110,871102520638267392,19661,5048
111,871032628920680449,21369,3508
112,870804317367881728,31641,5685
113,870726314365509632,114,3
114,870656317836468226,11609,2416
115,870374049280663552,78130,24368
116,870308999962521604,20622,3809
117,870063196459192321,34377,7643
118,869988702071779329,0,0
119,869772420881756160,40096,9333
120,869702957897576449,26588,5804
121,869596645499047938,15048,2877
122,869227993411051520,19257,3477
123,868880397819494401,61687,13316
124,868639477480148993,0,1916
125,868622495443632128,25162,4892
126,868552278524837888,9505,1916
127,867900495410671616,22870,3861
128,867774946302451713,32093,6797
129,867421006826221569,15201,2303
130,867072653475098625,0,110
131,867051520902168576,30478,7304
132,866816280283807744,0,0
133,866720684873056260,18927,4450
134,866686824827068416,18234,3237
135,866450705531457537,115705,32664
136,866334964761202691,49583,13233
137,866094527597207552,0,7784
138,865718153858494464,24317,5221
139,865359393868664832,25067,4652
140,865006731092295680,26580,7160
141,864873206498414592,30606,8093
142,864279568663928832,13827,2813
143,864197398364647424,28439,8243
144,863907417377173506,19555,3852
145,863553081350529029,14511,3913
146,863471782782697472,0,2267
147,863432100342583297,22597,4894
148,863427515083354112,2095,89
149,863079547188785154,8345,1036
150,863062471531167744,8031,2267
151,862831371563274240,18259,4815
152,862722525377298433,16274,3306
153,862457590147678208,19462,4613
154,862096992088072192,70650,21656
155,861769973181624320,0,0
156,861383897657036800,34364,10032
157,861288531465048066,16355,3875
158,861005113778896900,15913,3573
159,860981674716409858,0,2013
160,860924035999428608,0,749
161,860563773140209665,7142,2013
162,860524505164394496,22569,4984
163,860276583193509888,17537,3295
164,860184849394610176,15922,5492
165,860177593139703809,0,29102
166,859924526012018688,18717,3861
167,859851578198683649,14746,3308
168,859607811541651456,17819,1473
169,859196978902773760,85945,28413
170,859074603037188101,32357,12855
171,858860390427611136,0,7661
172,858843525470990336,14932,3287
173,858471635011153920,20613,4594
174,858107933456039936,15108,2741
175,857989990357356544,15439,2456
176,857746408056729600,32875,10071
177,857393404942143489,5647,1557
178,857263160327368704,19272,4288
179,857214891891077121,215,17
180,857062103051644929,0,161
181,857029823797047296,18123,3777
182,856602993587888130,0,0
183,856543823941562368,15712,2741
184,856526610513747968,11427,1785
185,856330835276025856,0,637
186,856288084350160898,494,15
187,856282028240666624,26736,5995
188,855862651834028034,323,24
189,855860136149123072,4741,934
190,855857698524602368,11457,2012
191,855851453814013952,44184,17227
192,855818117272018944,25739,5185
193,855459453768019968,28785,7866
194,855245323840757760,0,5691
195,855138241867124737,0,43
196,854732716440526848,22024,5809
197,854482394044301312,28350,6575
198,854365224396361728,18301,4503
199,854120357044912130,31020,7169
200,854010172552949760,15738,3024
201,853760880890318849,27738,5523
202,853639147608842240,33654,9664
203,853299958564483072,15056,3435
204,852936405516943360,0,1924
205,852912242202992640,8780,1744
206,852672615818899456,14506,2080
207,852553447878664193,15863,3346
208,852311364735569921,32301,9605
209,852226086759018497,19488,6623
210,852189679701164033,11179,1538
211,851953902622658560,0,0
212,851861385021730816,0,19
213,851591660324737024,15880,3361
214,851464819735769094,23683,6841
215,851224888060895234,20216,5568
216,850753642995093505,30117,8840
217,850380195714523136,12814,2529
218,850333567704068097,3382,319
219,850145622816686080,15986,3688
220,850019790995546112,19963,4736
221,849776966551130114,29780,7377
222,849668094696017920,0,4819
223,849412302885593088,15547,3073
224,849336543269576704,11195,1849
225,849051919805034497,41504,8247
226,848690551926992896,24705,4218
227,848324959059550208,24231,4508
228,848213670039564288,8024,710
229,848212111729840128,16020,2959
230,847978865427394560,0,3172
231,847971574464610304,0,422
232,847962785489326080,23102,4949
233,847842811428974592,5337,1295
234,847617282490613760,6863,402
235,847606175596138505,18459,3353
236,847251039262605312,20165,4223
237,847157206088847362,19570,5730
238,847116187444137987,21121,3112
239,846874817362120707,19779,3843
240,846514051647705089,43914,11287
241,846505985330044928,13877,3007
242,846153765933735936,31103,8848
243,846139713627017216,30591,9826
244,846042936437604353,15734,2803
245,845812042753855489,28795,8522
246,845677943972139009,24837,4705
247,845459076796616705,0,0
248,845397057150107648,7517,1764
249,845306882940190720,23015,5290
250,845098359547420673,0,7503
251,844979544864018432,13457,2510
252,844973813909606400,14877,3126
253,844704788403113984,0,0
254,844580511645339650,16267,3063
255,844223788422217728,13494,2162
256,843981021012017153,15001,2899
257,843856843873095681,21196,4547
258,843604394117681152,16693,2696
259,843235543001513987,21277,5920
260,842892208864923648,0,0
261,842846295480000512,15118,3584
262,842765311967449089,6661,1257
263,842535590457499648,17916,3458
264,842163532590374912,24172,5691
265,842115215311396866,13842,2989
266,841833993020538882,0,14831
267,841680585030541313,25493,7703
268,841439858740625411,12529,3631
269,841320156043304961,19626,5427
270,841314665196081154,15691,4585
271,841077006473256960,22654,5238
272,840761248237133825,0,1745
273,840728873075638272,0,15892
274,840698636975636481,173,2
275,840696689258311684,12184,962
276,840632337062862849,8917,1745
277,840370681858686976,16324,4493
278,840268004936019968,19111,5650
279,839990271299457024,13318,2249
280,839549326359670784,27253,7661
281,839290600511926273,0,141
282,839239871831150596,26918,6452
283,838952994649550848,19525,3950
284,838921590096166913,11068,2041
285,838916489579200512,0,35
286,838831947270979586,0,10890
287,838561493054533637,10881,1322
288,838476387338051585,22354,4720
289,838201503651401729,0,9948
290,838150277551247360,1665,328
291,838085839343206401,138,1
292,838083903487373313,17509,3100
293,837820167694528512,33895,7784
294,837482249356513284,3835,439
295,837471256429613056,12711,2255
296,837366284874571778,0,0
297,837110210464448512,15972,2345
298,837012587749474308,0,0
299,836989968035819520,12706,2277
300,836753516572119041,19243,4605
301,836677758902222849,12560,2208
302,836648853927522308,0,554
303,836397794269200385,0,27303
304,836380477523124226,14695,2968
305,836260088725786625,21225,4268
306,836001077879255040,19015,4225
307,835685285446955009,0,8073
308,835574547218894849,17726,3595
309,835536468978302976,0,1687
310,835309094223372289,0,20780
311,835297930240217089,16414,2989
312,835264098648616962,7709,1687
313,835246439529840640,2091,73
314,835172783151792128,26068,5734
315,835152434251116546,22323,2993
316,834931633769889797,10763,1627
317,834786237630337024,21301,5461
318,834574053763584002,13614,2519
319,834477809192075265,0,10580
320,834458053273591808,9579,1672
321,834209720923721728,20518,4728
322,834167344700198914,15787,3644
323,834089966724603904,10025,2121
324,834086379323871233,13039,2196
325,833863086058651648,13403,2398
326,833826103416520705,18033,3755
327,833732339549220864,0,221
328,833722901757046785,20766,3205
329,833479644947025920,14819,2044
330,833124694597443584,20163,4819
331,832998151111966721,13236,2194
332,832769181346996225,0,39
333,832757312314028032,16841,3607
334,832682457690300417,11859,2901
335,832645525019123713,2917,530
336,832636094638288896,15822,2771
337,832397543355072512,11952,2216
338,832369877331693569,17169,3172
339,832273440279240704,11348,2334
340,832215909146226688,0,6192
341,832215726631055365,0,9296
342,832088576586297345,62,2
343,832040443403784192,0,9603
344,832032802820481025,17850,4644
345,831939777352105988,23970,6119
346,831926988323639298,335,34
347,831911600680497154,27591,6489
348,831670449226514432,10424,1812
349,831650051525054464,7125,1924
350,831552930092285952,8971,2310
351,831322785565769729,9273,1548
352,831315979191906304,6539,1126
353,831309418084069378,11763,2463
354,831262627380748289,11907,2042
355,830956169170665475,7967,1497
356,830583320585068544,66814,16738
357,830173239259324417,0,5676
358,830097400375152640,9793,2934
359,829878982036299777,0,5007
360,829861396166877184,12247,1940
361,829501995190984704,31752,10580
362,829449946868879360,10475,2017
363,829374341691346946,0,0
364,829141528400556032,24407,7338
365,829011960981237760,53192,16296
366,828801551087042563,0,3420
367,828770345708580865,25603,5860
368,828708714936930305,36540,11174
369,828650029636317184,9505,1346
370,828409743546925057,6351,1164
371,828408677031882754,7687,1291
372,828381636999917570,12592,2214
373,828376505180889089,7387,1071
374,828372645993398273,12585,2937
375,828361771580813312,2197,172
376,828046555563323392,11757,2877
377,828011680017821696,10369,2151
378,827933404142436356,20130,5248
379,827653905312006145,15536,3024
380,827600520311402496,7460,945
381,827324948884643840,15878,3052
382,827228250799742977,0,0
383,827199976799354881,10593,2220
384,826958653328592898,21622,5007
385,826848821049180160,36437,10181
386,826615380357632002,0,3995
387,826598799820865537,5137,252
388,826598365270007810,10083,2340
389,826476773533745153,18448,4198
390,826240494070030336,13334,2618
391,826204788643753985,4897,926
392,826115272272650244,15690,3120
393,825876512159186944,10517,1873
394,825829644528148480,12780,2496
395,825535076884762624,57053,17608
396,825147591692263424,18348,4560
397,825120256414846976,0,1258
398,825026590719483904,6327,1258
399,824796380199809024,0,5509
400,824775126675836928,14959,3526
401,824663926340194305,10564,1780
402,824325613288833024,11881,10559
403,824297048279236611,15113,3875
404,824025158776213504,4846,603
405,823939628516474880,10666,2717
406,823719002937630720,0,11238
407,823699002998870016,14040,2532
408,823581115634085888,13085,2632
409,823333489516937216,703,25
410,823322678127919110,15800,4038
411,823269594223824897,0,9928
412,822975315408461824,17403,3465
413,822872901745569793,132206,43439
414,822859134160621569,13327,2286
415,822647212903690241,0,6435
416,822610361945911296,14893,2971
417,822489057087389700,18251,6435
418,822462944365645825,28175,14382
419,822244816520155136,35122,9928
420,822163064745328640,0,4791
421,821886076407029760,11377,2321
422,821813639212650496,0,3377
423,821765923262631936,8461,1668
424,821522889702862852,8072,1767
425,821421320206483457,0,5620
426,821407182352777218,11837,4357
427,821153421864615936,257,10
428,821149554670182400,8692,1993
429,821107785811234820,9661,2146
430,821044531881721856,12740,2299
431,820837357901512704,0,6775
432,820749716845686786,31747,9948
433,820690176645140481,12285,3250
434,820494788566847489,0,568
435,820446719150292993,0,2583
436,820314633777061888,3369,568
437,820078625395449857,19947,6331
438,820013781606658049,0,1181
439,819952236453363712,5361,1181
440,819924195358416896,12995,4916
441,819711362133872643,13461,3132
442,819588359383371776,9713,2004
443,819347104292290561,7267,1215
444,819238181065359361,2283,410
445,819227688460238848,23231,6775
446,819015337530290176,0,37133
447,819015331746349057,0,19091
448,819006400881917954,45635,19091
449,819004803107983360,87573,37133
450,818646164899774465,0,21162
451,818627210458333184,22577,7592
452,818614493328580609,9925,2583
453,818588835076603904,0,6196
454,818536468981415936,10992,2477
455,818307523543449600,0,8161
456,818259473185828864,11107,2285
457,818145370475810820,12370,2594
458,817908911860748288,4896,810
459,817827839487737858,52079,27303
460,817777686764523521,10840,2716
461,817536400337801217,11862,2988
462,817502432452313088,0,3420
463,817423860136083457,34117,14831
464,817415592588222464,5645,955
465,817181837579653120,0,8535
466,817171292965273600,8845,2042
467,817120970343411712,12332,2621
468,817056546584727552,8676,1657
469,816829038950027264,0,4756
470,816816676327063552,10098,2062
471,816697700272001025,9881,2213
472,816450570814898180,30686,8161
473,816336735214911488,8676,1960
474,816091915477250048,9017,2167
475,816062466425819140,0,1030
476,816014286006976512,0,5315
477,815990720817401858,4991,1030
478,815966073409433600,22638,8535
479,815745968457060357,0,4173
480,815736392542261248,9934,2281
481,815639385530101762,8316,1669
482,815390420867969024,10460,3838
483,814986499976527872,7737,1289
484,814638523311648768,11386,2726
485,814578408554463233,0,5904
486,814530161257443328,8730,1883
487,814153002265309185,29047,8771
488,813944609378369540,0,3221
489,813910438903693312,9398,1886
490,813812741911748608,36791,14137
491,813800681631023104,8401,1783
492,813217897535406080,18841,7370
493,813202720496779264,9336,1834
494,813187593374461952,20095,4410
495,813172488309972993,9375,1949
496,813157409116065792,7863,2234
497,813142292504645637,8572,2411
498,813130366689148928,4519,452
499,813127251579564032,11978,3169
500,813112105746448384,10418,2777
501,813096984823349248,10691,3665
502,813081950185472002,10003,2812
503,813066809284972545,8045,1977
504,813051746834595840,21218,7453
505,812781120811126785,7662,1925
506,812747805718642688,0,0
507,812709060537683968,6688,1447
508,812503143955202048,6150,1236
509,812466873996607488,8059,1952
510,812372279581671427,13810,3704
511,811985624773361665,7351,1419
512,811744202451197953,7636,1620
513,811647686436880384,5679,750
514,811627233043480576,12917,3118
515,811386762094317568,21168,6467
516,810984652412424192,5402,1456
517,810896069567610880,9124,1795
518,810657578271330305,11102,2683
519,810284430598270976,35690,11447
520,810254108431155201,14883,3420
521,809920764300447744,15728,3995
522,809808892968534016,0,4955
523,809448704142938112,7023,1484
524,809220051211603969,20170,5676
525,809084759137812480,13411,3575
526,808838249661788160,10245,3084
527,808733504066486276,8003,2193
528,808501579447930884,11459,2639
529,808344865868283904,43108,21162
530,808134635716833280,0,6020
531,808106460588765185,8906,2233
532,808001312164028416,12689,3587
533,807621403335917568,14775,3672
534,807106840509214720,119789,56169
535,807059379405148160,0,7458
536,807010152071229440,13257,3918
537,806629075125202948,75653,35117
538,806620845233815552,0,5612
539,806576416489959424,4956,1975
540,806542213899489280,10356,2390
541,806242860592926720,0,11801
542,806219024703037440,6521,1213
543,805958939288408065,0,5446
544,805932879469572096,8385,1951
545,805826884734976000,6653,1857
546,805823200554876929,0,8145
547,805520635690676224,5829,1680
548,805487436403003392,8908,2556
549,805207613751304193,7937,1745
550,804738756058218496,13885,3866
551,804475857670639616,6217,2038
552,804413760345620481,0,3280
553,804026241225523202,45068,16393
554,803773340896923648,10194,2782
555,803692223237865472,0,7541
556,803638050916102144,11086,4202
557,803380650405482500,7880,1894
558,803321560782307329,0,5403
559,803276597545603072,10166,2491
560,802952499103731712,9141,2037
561,802624713319034886,0,2957
562,802600418706604034,7202,1489
563,802572683846291456,9053,2549
564,802323869084381190,16437,5918
565,802265048156610565,6858,1398
566,802247111496568832,0,0
567,802239329049477120,9200,2662
568,802185808107208704,0,276
569,801958328846974976,7861,1743
570,801854953262350336,1806,240
571,801538201127157760,8340,2103
572,801285448605831168,6137,834
573,801167903437357056,24791,6020
574,801127390143516673,0,4005
575,801115127852503040,8187,2129
576,800859414831898624,695,98
577,800855607700029440,0,1635
578,800751577355128832,10707,2837
579,800513324630806528,13298,3034
580,800459316964663297,9641,2201
581,800443802682937345,0,4384
582,800388270626521089,11300,2851
583,800188575492947969,0,4006
584,800141422401830912,15490,2583
585,800018252395122689,28765,13366
586,799774291445383169,0,4762
587,799757965289017345,8514,2201
588,799422933579902976,8180,1958
589,799308762079035393,0,5549
590,799297110730567681,10031,2803
591,799063482566066176,8183,2502
592,798933969379225600,13269,4533
593,798925684722855936,7606,1463
594,798705661114773508,0,6745
595,798701998996647937,0,7906
596,798697898615730177,0,6622
597,798694562394996736,0,5042
598,798686750113755136,0,2370
599,798682547630837760,0,4792
600,798673117451325440,0,5631
601,798665375516884993,0,3972
602,798644042770751489,0,1881
603,798628517273620480,0,2008
604,798585098161549313,0,5789
605,798576900688019456,0,5937
606,798340744599797760,0,3394
607,798209839306514432,10560,2607
608,797971864723324932,11751,3157
609,797545162159308800,14747,4944
610,797236660651966464,20234,6683
611,797165961484890113,227,26
612,796904159865868288,0,9067
613,796865951799083009,7802,1950
614,796759840936919040,11998,3074
615,796563435802726400,0,7387
616,796484825502875648,7679,1783
617,796387464403357696,11149,4211
618,796177847564038144,0,14477
619,796149749086875649,32676,14477
620,796125600683540480,5027,1834
621,796116448414461957,9220,2452
622,796080075804475393,8577,2344
623,796031486298386433,10953,3765
624,795464331001561088,50255,23982
625,795400264262053889,10210,2920
626,795076730285391872,16417,5509
627,794983741416415232,0,3421
628,794926597468000259,10373,2336
629,794355576146903043,0,10454
630,794332329137291264,9709,2722
631,794205286408003585,9348,3374
632,793962221541933056,17044,4955
633,793845145112371200,9351,1896
634,793614319594401792,0,3182
635,793601777308463104,8096,1649
636,793500921481273345,10809,2412
637,793286476301799424,24921,9296
638,793271401113350145,8818,2427
639,793256262322548741,20232,8467
640,793241302385262592,10653,3347
641,793226087023144960,9967,2915
642,793210959003287553,9048,2837
643,793195938047070209,15494,5711
644,793180763617361921,7028,2030
645,793165685325201412,9535,2830
646,793150605191548928,6261,1723
647,793135492858580992,6517,2535
648,793120401413079041,12832,3977
649,792913359805018113,14531,4039
650,792883833364439040,11460,4334
651,792773781206999040,7452,1699
652,792394556390137856,13628,4351
653,792050063153438720,7243,1828
654,791821351946420224,0,21394
655,791784077045166082,0,9720
656,791780927877898241,0,3877
657,791774931465953280,45725,22496
658,791672322847637504,11910,3182
659,791406955684368384,13316,4173
660,791312159183634433,8910,2573
661,791026214425268224,0,4162
662,790987426131050500,9955,2167
663,790946055508652032,16865,4756
664,790723298204217344,0,2345
665,790698755171364864,8330,1953
666,790581949425475584,20916,7249
667,790337589677002753,7932,1909
668,790277117346975746,12733,3221
669,790227638568808452,0,3620
670,789986466051088384,9383,2345
671,789960241177853952,0,4174
672,789903600034189313,10473,4193
673,789628658055020548,7592,1792
674,789599242079838210,6862,1954
675,789530877013393408,11876,3421
676,789314372632018944,8765,2323
677,789280767834746880,0,5011
678,789268448748703744,9223,2638
679,789137962068021249,9843,2832
680,788908386943430656,27775,12644
681,788765914992902144,27672,10454
682,788552643979468800,0,7271
683,788412144018661376,15740,5337
684,788178268662984705,7315,2122
685,788150585577050112,6199,1303
686,788070120937619456,0,3471
687,788039637453406209,6203,1339
688,787810552592695296,8726,3088
689,787717603741622272,10388,2812
690,787397959788929025,11030,2879
691,787322443945877504,7874,1763
692,787111942498508800,0,6836
693,786963064373534720,26945,8073
694,786729988674449408,0,2451
695,786709082849828864,18446,6192
696,786664955043049472,10725,2589
697,786595970293370880,9561,3157
698,786363235746385920,11014,3550
699,786286427768250368,8064,2883
700,786233965241827333,15436,4791
701,786051337297522688,1437,156
702,786036967502913536,0,7097
703,785927819176054784,11516,3229
704,785872687017132033,6776,1835
705,785639753186217984,7929,2263
706,785533386513321988,9228,2021
707,785515384317313025,6191,1277
708,785264754247995392,7342,1653
709,785170936622350336,12167,4886
710,784826020293709826,10216,3280
711,784517518371221505,9068,2564
712,784431430411685888,5767,1284
713,784183165795655680,20290,8145
714,784057939640352768,30074,11238
715,783839966405230592,30352,10890
716,783821107061198850,7429,1996
717,783695101801398276,10570,3250
718,783466772167098368,8549,2273
719,783391753726550016,17049,5537
720,783347506784731136,0,5604
721,783334639985389568,29439,11801
722,783085703974514689,8226,2228
723,782969140009107456,24347,7458
724,782747134529531904,7542,1423
725,782722598790725632,17427,5446
726,782598640137187329,7870,1891
727,782305867769217024,16802,5620
728,782021823840026624,0,6263
729,781955203444699136,11229,3404
730,781661882474196992,10517,2740
731,781655249211752448,4028,1141
732,781524693396357120,20926,5612
733,781308096455073793,7201,2574
734,781251288990355457,8517,2095
735,781163403222056960,9893,2768
736,780931614150983680,21815,7387
737,780858289093574656,7244,2031
738,780800785462489090,5530,1313
739,780601303617732608,12215,3377
740,780543529827336192,6359,1754
741,780496263422808064,0,3722
742,780476555013349377,0,114
743,780459368902959104,5344,1086
744,780192070812196864,8781,2254
745,780092040432480260,0,2313
746,780074436359819264,12272,5014
747,779834332596887552,19053,7097
748,779377524342161408,8869,3132
749,779124354206535695,0,18427
750,779123168116150273,0,0
751,779056095788752897,14877,4572
752,778990705243029504,20122,7250
753,778774459159379968,0,9967
754,778764940568104960,873,365
755,778748913645780993,6945,1322
756,778650543019483137,5815,1509
757,778624900596654080,4667,1016
758,778408200802557953,13712,4357
759,778396591732486144,0,12314
760,778383385161035776,5884,1109
761,778286810187399168,10442,3318
762,778039087836069888,8564,2662
763,778027034220126208,6588,1624
764,777953400541634568,0,3552
765,777885040357281792,6383,1637
766,777684233540206592,11294,2957
767,777641927919427584,0,4254
768,777621514455814149,8801,2517
769,777189768882946048,14373,4330
770,776819012571455488,0,13766
771,776813020089548800,4915,1213
772,776477788987613185,8869,2799
773,776249906839351296,0,9183
774,776218204058357768,30075,15962
775,776201521193218049,9672,2533
776,776113305656188928,11836,4384
777,776088319444877312,1854,151
778,775898661951791106,0,16615
779,775842724423557120,11772,2669
780,775733305207554048,13946,4005
781,775729183532220416,13067,4623
782,775364825476165632,7442,2989
783,775350846108426240,10227,3929
784,775096608509886464,0,0
785,775085132600442880,15636,4762
786,774757898236878852,8642,1793
787,774639387460112384,6767,1741
788,774314403806253056,21882,5549
789,773985732834758656,10772,3882
790,773922284943896577,6433,1755
791,773704687002451968,6634,1636
792,773670353721753600,5376,1314
793,773547596996571136,22214,6196
794,773336787167145985,0,5108
795,773308824254029826,23408,7503
796,773247561583001600,9512,3266
797,773191612633579521,10045,4153
798,772877495989305348,8601,3891
799,772826264096874500,8100,2358
800,772615324260794368,0,3391
801,772581559778025472,6532,1702
802,772193107915964416,6071,1395
803,772152991789019136,3817,1133
804,772117678702071809,3794,743
805,772114945936949249,2739,470
806,772102971039580160,4016,945
807,771908950375665664,6618,1914
808,771770456517009408,12049,3394
809,771500966810099713,8292,2620
810,771380798096281600,10517,5108
811,771171053431250945,0,7490
812,771136648247640064,9188,2932
813,771102124360998913,6264,1448
814,771014301343748096,6889,1664
815,771004394259247104,0,0
816,770787852854652928,4942,1202
817,770772759874076672,5189,1418
818,770743923962707968,0,0
819,770655142660169732,7358,1772
820,770414278348247044,6345,2104
821,770293558247038976,6266,1482
822,770093767776997377,0,3062
823,770069151037685760,7623,2307
824,769940425801170949,31452,9603
825,769695466921623552,6436,1687
826,769335591808995329,0,7752
827,769212283578875904,5410,1726
828,768970937022709760,14391,6529
829,768909767477751808,0,2678
830,768855141948723200,4209,891
831,768609597686943744,4137,1205
832,768596291618299904,5050,1286
833,768554158521745409,0,5862
834,768473857036525572,13660,3440
835,768193404517830656,10890,3552
836,767884188863397888,4753,1384
837,767754930266464257,16045,5403
838,767500508068192258,7521,2340
839,767191397493538821,12346,3768
840,767122157629476866,10194,2860
841,766864461642756096,0,5639
842,766793450729734144,5079,1357
843,766714921925144576,2619,378
844,766693177336135680,4021,796
845,766423258543644672,6010,1591
846,766313316352462849,6807,1890
847,766078092750233600,0,2629
848,766069199026450432,4233,853
849,766008592277377025,3746,497
850,765719909049503744,7244,2155
851,765669560888528897,5199,1222
852,765395769549590528,26654,3387
853,765371061932261376,7077,2167
854,765222098633691136,11642,3391
855,764857477905154048,6456,1777
856,764259802650378240,6025,1499
857,763956972077010945,760,54
858,763837565564780549,12589,4162
859,763183847194451968,5389,1469
860,763167063695355904,0,3019
861,763103485927849985,7367,2295
862,762699858130116608,12149,3620
863,762471784394268675,11228,6410
864,762464539388485633,10310,4174
865,762316489655476224,4808,1123
866,762035686371364864,31878,15549
867,761976711479193600,5404,2005
868,761750502866649088,0,3918
869,761745352076779520,4277,863
870,761672994376806400,49513,29102
871,761599872357261312,4122,1191
872,761371037149827077,0,18058
873,761334018830917632,5193,1450
874,761292947749015552,4490,1086
875,761227390836215808,5324,1563
876,761004547850530816,11331,3471
877,760893934457552897,3817,977
878,760656994973933572,6589,1906
879,760641137271070720,4978,1294
880,760539183865880579,7562,3616
881,760521673607086080,4221,1384
882,760290219849637889,26774,11483
883,760252756032651264,3950,867
884,760190180481531904,5696,1802
885,760153949710192640,0,31
886,759943073749200896,5942,2079
887,759923798737051648,14672,5639
888,759846353224826880,6736,1966
889,759793422261743616,5956,1906
890,759566828574212096,0,0
891,759557299618865152,4696,1181
892,759447681597108224,8483,2451
893,759446261539934208,1672,486
894,759197388317847553,6074,1943
895,759159934323924993,0,1153
896,759099523532779520,14500,4164
897,759047813560868866,6479,2006
898,758854675097526272,3546,893
899,758828659922702336,11205,3821
900,758740312047005698,5729,1611
901,758474966123810816,3801,998
902,758467244762497024,4773,2207
903,758405701903519748,5213,1907
904,758355060040593408,3390,1066
905,758099635764359168,19035,9967
906,758041019896193024,2699,373
907,757741869644341248,6866,3237
908,757729163776290825,0,7908
909,757725642876129280,4539,1208
910,757611664640446465,4561,1105
911,757597904299253760,0,300
912,757596066325864448,4327,1053
913,757400162377592832,15105,6839
914,757393109802180609,5801,1731
915,757354760399941633,4511,1417
916,756998049151549440,6278,1980
917,756939218950160384,6640,2000
918,756651752796094464,5038,1298
919,756526248105566208,10394,3567
920,756303284449767430,3923,1088
921,756288534030475264,43888,17663
922,756275833623502848,6400,1525
923,755955933503782912,7311,2868
924,755206590534418437,16402,5346
925,755110668769038337,21152,11046
926,754874841593970688,0,7880
927,754856583969079297,6891,2508
928,754747087846248448,2586,517
929,754482103782404096,5274,1948
930,754449512966619136,3747,729
931,754120377874386944,7861,2351
932,754011816964026368,0,0
933,753655901052166144,5828,2160
934,753420520834629632,7881,3556
935,753398408988139520,5741,1893
936,753375668877008896,7617,2313
937,753298634498793472,0,5680
938,753294487569522689,3362,1035
939,753039830821511168,37014,20780
940,753026973505581056,3913,961
941,752932432744185856,12598,6836
942,752917284578922496,6915,1569
943,752701944171524096,0,2844
944,752682090207055872,5989,1585
945,752660715232722944,4370,1549
946,752568224206688256,5478,2272
947,752519690950500352,7347,3426
948,752334515931054080,3803,1089
949,752309394570878976,0,16180
950,752173152931807232,5953,1829
951,751950017322246144,3050,908
952,751937170840121344,5178,1324
953,751830394383790080,5794,1936
954,751793661361422336,5806,2886
955,751598357617971201,7895,3025
956,751583847268179968,4378,1095
957,751538714308972544,5019,1256
958,751456908746354688,3205,994
959,751251247299190784,12461,5847
960,751205363882532864,6300,1802
961,751132876104687617,5050,1292
962,750868782890057730,4770,1352
963,750719632563142656,13125,5011
964,750506206503038976,4424,1136
965,750429297815552001,13124,4254
966,750383411068534784,4541,1145
967,750381685133418496,692,27
968,750147208377409536,3089,956
969,750132105863102464,3599,1289
970,750117059602808832,4314,1301
971,750101899009982464,3032,835
972,750086836815486976,2162,528
973,750071704093859840,7805,3315
974,750056684286914561,3149,892
975,750041628174217216,3167,610
976,750026558547456000,2712,787
977,750011400160841729,3236,904
978,749996283729883136,3059,810
979,749981277374128128,5098,2450
980,749774190421639168,4645,1308
981,749417653287129088,6088,1630
982,749403093750648834,2612,530
983,749395845976588288,8517,3415
984,749317047558017024,5481,2220
985,749075273010798592,5727,2061
986,749064354620928000,4785,1509
987,749036806121881602,3082,788
988,748977405889503236,10716,3375
989,748932637671223296,5783,2227
990,748705597323898880,2770,943
991,748699167502000129,4721,1573
992,748692773788876800,4227,1321
993,748575535303884801,6034,1959
994,748568946752774144,2189,665
995,748346686624440324,5195,1221
996,748337862848962560,7585,4074
997,748324050481647620,3664,751
998,748307329658011649,3645,704
999,748220828303695873,14047,7723
1000,747963614829678593,5735,2124
1001,747933425676525569,6561,2515
1002,747885874273214464,2923,966
1003,747844099428986880,2804,745
1004,747816857231626240,4821,1149
1005,747651430853525504,1376,153
1006,747648653817413632,12803,5795
1007,747600769478692864,2310,552
1008,747594051852075008,3656,1049
1009,747512671126323200,5504,1595
1010,747461612269887489,3843,1033
1011,747439450712596480,5380,1898
1012,747242308580548608,0,2885
1013,747219827526344708,5229,1550
1014,747204161125646336,3356,915
1015,747103485104099331,9494,3933
1016,746906459439529985,2877,294
1017,746872823977771008,5940,2113
1018,746818907684614144,5288,1725
1019,746790600704425984,4834,1589
1020,746757706116112384,9512,3877
1021,746726898085036033,6009,1779
1022,746542875601690625,4999,1864
1023,746521445350707200,0,976
1024,746507379341139972,4620,1075
1025,746369468511756288,6144,1616
1026,746131877086527488,6863,2180
1027,746056683365994496,3530,803
1028,745789745784041472,3986,1056
1029,745712589599014916,6955,2307
1030,745433870967832576,7024,2511
1031,745422732645535745,8500,2420
1032,745314880350101504,7128,2727
1033,745074613265149952,7773,3455
1034,745057283344719872,7202,2239
1035,744995568523612160,2950,610
1036,744971049620602880,7811,2658
1037,744709971296780288,5567,1551
1038,744334592493166593,6730,2086
1039,744234799360020481,155086,77067
1040,744223424764059648,1651,360
1041,743980027717509120,4133,1083
1042,743895849529389061,3620,954
1043,743835915802583040,0,2050
1044,743609206067040256,4429,1370
1045,743595368194129920,18203,6464
1046,743545585370791937,3501,933
1047,743510151680958465,7865,3704
1048,743253157753532416,4192,1213
1049,743222593470234624,6146,1892
1050,743210557239623680,3799,1344
1051,742534281772302336,7005,3533
1052,742528092657332225,4371,1946
1053,742465774154047488,7194,3881
1054,742423170473463808,9728,3722
1055,742385895052087300,6736,1945
1056,742161199639494656,4299,1351
1057,742150209887731712,5066,1528
1058,741793263812808706,4500,1495
1059,741743634094141440,8094,2719
1060,741438259667034112,3654,820
1061,741303864243200000,8697,3164
1062,741099773336379392,9883,5450
1063,741067306818797568,9423,3062
1064,740995100998766593,6299,2704
1065,740711788199743490,3370,925
1066,740699697422163968,2819,772
1067,740676976021798912,17996,6745
1068,740373189193256964,34682,13159
1069,740365076218183684,2432,426
1070,740359016048689152,3263,853
1071,740214038584557568,6621,1942
1072,739979191639244800,19757,5862
1073,739932936087216128,4011,1062
1074,739844404073074688,3767,848
1075,739623569819336705,3734,1335
1076,739606147276148736,5335,1635
1077,739544079319588864,39096,20978
1078,739485634323156992,7078,2894
1079,739238157791694849,114632,57243
1080,738891149612572673,109,6
1081,738885046782832640,3731,1129
1082,738883359779196928,3268,782
1083,738537504001953792,5027,1515
1084,738402415918125056,3216,818
1085,738184450748633089,4269,1197
1086,738166403467907072,8674,3308
1087,738156290900254721,2475,632
1088,737826014890496000,5211,1746
1089,737800304142471168,9884,3420
1090,737678689543020544,4980,1295
1091,737445876994609152,10133,4402
1092,737322739594330112,3561,804
1093,737310737551491075,14496,7313
1094,736736130620620800,4204,1702
1095,736392552031657984,17491,7271
1096,736365877722001409,3922,1227
1097,736225175608430592,8022,2741
1098,736010884653420544,7798,2940
1099,735991953473572864,3553,1134
1100,735648611367784448,3983,1086
1101,735635087207878657,6089,2320
1102,735274964362878976,12859,4966
1103,735256018284875776,3285,867
1104,735137028879360001,3090,961
1105,734912297295085568,2717,518
1106,734787690684657664,12364,6197
1107,734776360183431168,2470,531
1108,734559631394082816,1462,391
1109,733828123016450049,3531,770
1110,733822306246479872,3621,1009
1111,733482008106668032,3097,938
1112,733460102733135873,4139,1264
1113,733109485275860992,49587,16614
1114,732732193018155009,2400,528
1115,732726085725589504,3503,879
1116,732585889486888962,3616,768
1117,732375214819057664,7966,2477
1118,732005617171337216,14695,5315
1119,731285275100512256,3441,980
1120,731156023742988288,3787,1249
1121,730924654643314689,6060,1947
1122,730573383004487680,4828,2101
1123,730427201120833536,3441,1029
1124,730211855403241472,3768,1043
1125,730196704625098752,4772,1869
1126,729854734790754305,3973,1107
1127,729838605770891264,1698,378
1128,729823566028484608,3919,1229
1129,729463711119904772,5709,2285
1130,729113531270991872,1849,319
1131,728986383096946689,3097,808
1132,728760639972315136,4609,1673
1133,728751179681943552,2719,668
1134,728653952833728512,3263,1017
1135,728409960103686147,4840,1969
1136,728387165835677696,3649,946
1137,728046963732717569,4236,1180
1138,728035342121635841,4502,1644
1139,728015554473250816,4055,1088
1140,727685679342333952,2923,634
1141,727644517743104000,5794,1719
1142,727524757080539137,4406,1201
1143,727314416056803329,3289,727
1144,727286334147182592,3006,798
1145,727175381690781696,3860,1362
1146,727155742655025152,3570,1308
1147,726935089318363137,6767,2408
1148,726887082820554753,3787,1504
1149,726828223124897792,3510,989
1150,726224900189511680,4364,1123
1151,725842289046749185,6975,2629
1152,725786712245440512,4108,1350
1153,725729321944506368,5129,1756
1154,725458796924002305,1392,607
1155,724983749226668032,3682,1287
1156,724771698126512129,2313,625
1157,724405726123311104,5201,1625
1158,724049859469295616,4261,1749
1159,724046343203856385,2619,545
1160,724004602748780546,4113,1519
1161,723912936180330496,3829,1216
1162,723688335806480385,7563,2887
1163,723673163800948736,2967,873
1164,723179728551723008,5228,1831
1165,722974582966214656,4044,1537
1166,722613351520608256,4890,1611
1167,721503162398597120,4550,1810
1168,721001180231503872,2493,601
1169,720785406564900865,3070,755
1170,720775346191278080,2423,652
1171,720415127506415616,4063,1476
1172,720389942216527872,6272,2464
1173,720340705894408192,2823,964
1174,720059472081784833,3802,1107
1175,720043174954147842,4837,1972
1176,719991154352222208,4771,1717
1177,719704490224398336,4470,1404
1178,719551379208073216,4966,1872
1179,719367763014393856,2757,729
1180,719339463458033665,4368,1210
1181,719332531645071360,3378,932
1182,718971898235854848,3431,1058
1183,718939241951195136,5172,1731
1184,718631497683582976,18597,7906
1185,718613305783398402,2403,475
1186,718540630683709445,2417,999
1187,718460005985447936,2655,515
1188,718454725339934721,4788,1487
1189,718246886998687744,1880,493
1190,718234618122661888,3807,977
1191,717841801130979328,2418,594
1192,717790033953034240,2837,1090
1193,717537687239008257,5698,1825
1194,717428917016076293,1591,440
1195,717421804990701568,3117,827
1196,717047459982213120,6200,1898
1197,717009362452090881,3198,947
1198,716802964044845056,4225,1152
1199,716791146589110272,8043,1554
1200,716730379797970944,1214,418
1201,716447146686459905,12868,5773
1202,716439118184652801,2343,205
1203,716285507865542656,2729,1039
1204,716080869887381504,6665,1868
1205,715928423106027520,3144,862
1206,715758151270801409,3663,1412
1207,715733265223708672,4587,1660
1208,715704790270025728,2749,558
1209,715696743237730304,3854,1270
1210,715680795826982913,4245,1588
1211,715360349751484417,5394,1536
1212,715342466308784130,2999,684
1213,715220193576927233,2388,638
1214,715200624753819648,5066,1851
1215,715009755312439296,4091,1208
1216,714982300363173890,3682,1015
1217,714962719905021952,7244,4190
1218,714957620017307648,4067,1391
1219,714631576617938945,3228,980
1220,714606013974974464,3581,912
1221,714485234495041536,2647,1109
1222,714258258790387713,2988,712
1223,714251586676113411,3230,823
1224,714214115368108032,2235,856
1225,714141408463036416,4266,1374
1226,713919462244790272,3247,780
1227,713909862279876608,1867,530
1228,713900603437621249,2797,732
1229,713761197720473600,4792,1351
1230,713411074226274305,4380,1281
1231,713177543487135744,7121,2788
1232,713175907180089344,4397,1453
1233,712809025985978368,18799,6622
1234,712717840512598017,12171,4902
1235,712668654853337088,4126,1198
1236,712438159032893441,5240,1541
1237,712309440758808576,240,25
1238,712097430750289920,3727,1015
1239,712092745624633345,2903,874
1240,712085617388212225,3229,478
1241,712065007010385924,2235,611
1242,711998809858043904,0,125
1243,711968124745228288,7946,2265
1244,711743778164514816,2801,972
1245,711732680602345472,8714,4046
1246,711694788429553666,32411,18058
1247,711652651650457602,3806,900
1248,711363825979756544,3602,1115
1249,711306686208872448,3254,725
1250,711008018775851008,2957,602
1251,710997087345876993,4509,1370
1252,710844581445812225,2511,678
1253,710833117892898816,2652,523
1254,710658690886586372,2276,552
1255,710609963652087808,4734,2335
1256,710588934686908417,4477,1835
1257,710296729921429505,2348,726
1258,710283270106132480,2122,516
1259,710272297844797440,4475,1233
1260,710269109699739648,2360,1101
1261,710153181850935296,2864,877
1262,710140971284037632,2718,867
1263,710117014656950272,5417,1964
1264,709918798883774466,3445,1073
1265,709901256215666688,655,99
1266,709852847387627521,3473,1186
1267,709566166965075968,3501,1186
1268,709556954897764353,3246,1055
1269,709519240576036864,1476,234
1270,709449600415961088,2191,562
1271,709409458133323776,2584,670
1272,709225125749587968,2382,566
1273,709207347839836162,12360,5701
1274,709198395643068416,2404,636
1275,709179584944730112,1976,663
1276,709158332880297985,2010,410
1277,709042156699303936,4674,1605
1278,708853462201716736,1777,651
1279,708845821941387268,2940,887
1280,708834316713893888,1661,494
1281,708810915978854401,16257,6820
1282,708738143638450176,2720,799
1283,708711088997666817,2502,708
1284,708479650088034305,2511,670
1285,708469915515297792,3061,802
1286,708400866336894977,15775,9907
1287,708356463048204288,3533,1297
1288,708349470027751425,2313,726
1289,708149363256774660,4227,1533
1290,708130923141795840,3336,840
1291,708119489313951744,2660,969
1292,708109389455101952,1921,543
1293,708026248782585858,4336,1902
1294,707995814724026368,3092,1110
1295,707983188426153984,50,2
1296,707969809498152960,2671,954
1297,707776935007539200,3240,944
1298,707741517457260545,2460,607
1299,707738799544082433,4026,2427
1300,707693576495472641,3355,979
1301,707629649552134146,2545,860
1302,707610948723478529,16757,6263
1303,707420581654872064,2241,688
1304,707411934438625280,2278,591
1305,707387676719185920,3454,1266
1306,707377100785885184,3237,1077
1307,707315916783140866,2442,632
1308,707297311098011648,2740,774
1309,707059547140169728,2563,663
1310,707038192327901184,2159,778
1311,707021089608753152,4032,1339
1312,707014260413456384,2289,589
1313,706904523814649856,14406,7752
1314,706901761596989440,2031,586
1315,706681918348251136,3263,964
1316,706644897839910912,2539,1076
1317,706593038911545345,2127,626
1318,706538006853918722,3441,1410
1319,706516534877929472,3079,1023
1320,706346369204748288,3407,912
1321,706310011488698368,21050,7819
1322,706291001778950144,1678,473
1323,706265994973601792,2701,923
1324,706169069255446529,3860,2180
1325,706166467411222528,5099,1581
1326,706153300320784384,1467,381
1327,705975130514706432,3069,723
1328,705970349788291072,3139,884
1329,705898680587526145,2337,542
1330,705786532653883392,1909,511
1331,705591895322394625,3125,1136
1332,705475953783398401,2920,896
1333,705442520700944385,4376,1603
1334,705428427625635840,3771,1661
1335,705239209544720384,2972,743
1336,705223444686888960,2557,788
1337,705102439679201280,2117,511
1338,705066031337840642,2159,615
1339,704871453724954624,4227,1103
1340,704859558691414016,2225,533
1341,704847917308362754,5008,1506
1342,704819833553219584,2612,973
1343,704761120771465216,6567,2885
1344,704499785726889984,2882,1003
1345,704491224099647488,744,78
1346,704480331685040129,3349,1057
1347,704364645503647744,7896,3507
1348,704347321748819968,1564,347
1349,704134088924532736,1492,453
1350,704113298707505153,1831,565
1351,704054845121142784,2892,905
1352,703774238772166656,1826,454
1353,703769065844768768,3237,1131
1354,703631701117943808,2551,674
1355,703611486317502464,3797,1510
1356,703425003149250560,3768,1352
1357,703407252292673536,2415,688
1358,703382836347330562,3477,1129
1359,703356393781329922,1898,382
1360,703268521220972544,1956,544
1361,703079050210877440,7303,3037
1362,703041949650034688,26050,12314
1363,702932127499816960,2550,716
1364,702899151802126337,1593,448
1365,702684942141153280,3194,1064
1366,702671118226825216,2176,550
1367,702598099714314240,12105,3389
1368,702539513671897089,2857,947
1369,702332542343577600,3142,1526
1370,702321140488925184,3245,1030
1371,702276748847800320,2436,759
1372,702217446468493312,4714,1324
1373,701981390485725185,3415,979
1374,701952816642965504,3806,1013
1375,701889187134500865,3503,1371
1376,701805642395348998,3382,1652
1377,701601587219795968,2073,445
1378,701570477911896070,2777,914
1379,701545186879471618,2630,604
1380,701214700881756160,12069,5042
1381,700890391244103680,2193,560
1382,700864154249383937,2568,612
1383,700847567345688576,2431,499
1384,700796979434098688,2416,928
1385,700747788515020802,22564,9183
1386,700518061187723268,2577,786
1387,700505138482569216,2262,560
1388,700462010979500032,4082,1769
1389,700167517596164096,2605,722
1390,700151421916807169,2218,662
1391,700143752053182464,7460,2678
1392,700062718104104960,2623,684
1393,700029284593901568,2052,580
1394,700002074055016451,3278,1323
1395,699801817392291840,3027,939
1396,699788877217865730,2206,505
1397,699779630832685056,2708,1219
1398,699775878809702401,1939,598
1399,699691744225525762,10168,4552
1400,699446877801091073,5885,2585
1401,699434518667751424,2141,509
1402,699423671849451520,1342,321
1403,699413908797464576,2055,622
1404,699370870310113280,1866,436
1405,699323444782047232,3116,853
1406,699088579889332224,2219,625
1407,699079609774645248,2422,647
1408,699072405256409088,2942,1182
1409,699060279947165696,3705,1775
1410,699036661657767936,2579,1186
1411,698989035503689728,3302,964
1412,698953797952008193,2648,891
1413,698907974262222848,2511,618
1414,698710712454139905,2439,674
1415,698703483621523456,1433,373
1416,698635131305795584,1280,336
1417,698549713696649216,2296,617
1418,698355670425473025,1830,443
1419,698342080612007937,2247,945
1420,698262614669991936,4707,1973
1421,698195409219559425,16586,5904
1422,698178924120031232,2782,732
1423,697995514407682048,1499,330
1424,697990423684476929,3249,1283
1425,697943111201378304,2363,666
1426,697881462549430272,2977,1161
1427,697630435728322560,1721,535
1428,697616773278015490,3121,1000
1429,697596423848730625,2981,1246
1430,697575480820686848,2025,494
1431,697516214579523584,2035,1100
1432,697482927769255936,2389,662
1433,697463031882764288,3384,1383
1434,697270446429966336,4644,1850
1435,697259378236399616,3267,992
1436,697255105972801536,3005,1150
1437,697242256848379904,2487,661
1438,696900204696625153,3139,1008
1439,696894894812565505,2324,674
1440,696886256886657024,4804,1771
1441,696877980375769088,2418,704
1442,696754882863349760,1472,357
1443,696744641916489729,2045,927
1444,696713835009417216,2351,642
1445,696518437233913856,3864,1693
1446,696490539101908992,1200,140
1447,696488710901260288,2489,1006
1448,696405997980676096,3167,1143
1449,696100768806522880,1911,644
1450,695816827381944320,2987,1149
1451,695794761660297217,3131,756
1452,695767669421768709,1840,734
1453,695629776980148225,4510,2064
1454,695446424020918272,4348,1791
1455,695409464418041856,8572,3524
1456,695314793360662529,3594,1435
1457,695095422348574720,2601,608
1458,695074328191332352,2812,1081
1459,695064344191721472,1585,584
1460,695051054296211456,2634,783
1461,694925794720792577,2668,909
1462,694905863685980160,2722,927
1463,694669722378485760,35419,14187
1464,694356675654983680,1484,284
1465,694352839993344000,2009,609
1466,694342028726001664,1562,479
1467,694329668942569472,1981,497
1468,694206574471057408,4117,2011
1469,694183373896572928,2927,917
1470,694001791655137281,3369,1015
1471,693993230313091072,1856,397
1472,693942351086120961,1728,365
1473,693647888581312512,2657,576
1474,693644216740769793,1335,122
1475,693642232151285760,2511,407
1476,693629975228977152,2407,782
1477,693622659251335168,1518,370
1478,693590843962331137,4993,1933
1479,693582294167244802,1629,242
1480,693486665285931008,1755,628
1481,693280720173801472,3312,1219
1482,693267061318012928,2354,805
1483,693262851218264065,2192,491
1484,693231807727280129,2841,725
1485,693155686491000832,7793,3172
1486,693109034023534592,1694,602
1487,693095443459342336,1834,452
1488,692919143163629568,2651,742
1489,692905862751522816,2401,856
1490,692901601640583168,1742,595
1491,692894228850999298,2240,786
1492,692828166163931137,2836,874
1493,692752401762250755,6750,3592
1494,692568918515392513,4312,1514
1495,692535307825213440,3131,1342
1496,692530551048294401,1812,408
1497,692423280028966913,1468,225
1498,692417313023332352,9267,3420
1499,692187005137076224,2503,809
1500,692158366030913536,2129,778
1501,692142790915014657,1630,388
1502,692041934689402880,3380,1256
1503,692017291282812928,2857,948
1504,691820333922455552,3918,1637
1505,691793053716221953,8053,4168
1506,691756958957883396,2824,983
1507,691675652215414786,1937,500
1508,691483041324204033,2368,559
1509,691459709405118465,4002,1124
1510,691444869282295808,2619,841
1511,691416866452082688,19109,7541
1512,691321916024623104,2540,653
1513,691096613310316544,2938,870
1514,691090071332753408,1704,330
1515,690989312272396288,5845,2832
1516,690959652130045952,3544,1230
1517,690938899477221376,4051,1926
1518,690932576555528194,3250,1002
1519,690735892932222976,3743,1252
1520,690728923253055490,2156,509
1521,690690673629138944,2305,809
1522,690649993829576704,1289,275
1523,690607260360429569,294,18
1524,690597161306841088,1937,596
1525,690400367696297985,1871,445
1526,690374419777196032,3221,839
1527,690360449368465409,2645,868
1528,690348396616552449,1495,511
1529,690248561355657216,1658,412
1530,690021994562220032,2758,1017
1531,690015576308211712,2464,724
1532,690005060500217858,3626,1667
1533,689999384604450816,1404,362
1534,689993469801164801,1450,443
1535,689977555533848577,1353,440
1536,689905486972461056,2418,692
1537,689877686181715968,3013,1149
1538,689835978131935233,2152,740
1539,689661964914655233,3190,921
1540,689659372465688576,10275,3808
1541,689623661272240129,2210,631
1542,689599056876867584,11529,5450
1543,689557536375177216,2023,451
1544,689517482558820352,3364,1412
1545,689289219123089408,2236,927
1546,689283819090870273,3231,1088
1547,689280876073582592,1960,698
1548,689275259254616065,1133,242
1549,689255633275777024,2527,1070
1550,689154315265683456,3047,991
1551,689143371370250240,2001,503
1552,688916208532455424,2684,855
1553,688908934925697024,2093,753
1554,688898160958271489,2076,772
1555,688894073864884227,2222,679
1556,688828561667567616,1366,366
1557,688804835492233216,955,191
1558,688789766343622656,2201,654
1559,688547210804498433,2566,688
1560,688519176466644993,2297,717
1561,688385280030670848,9183,4427
1562,688211956440801280,2219,821
1563,688179443353796608,2118,578
1564,688116655151435777,2798,762
1565,688064179421470721,1714,357
1566,687841446767013888,5396,2472
1567,687826841265172480,2715,1108
1568,687818504314159109,2453,935
1569,687807801670897665,2375,711
1570,687732144991551489,1740,657
1571,687704180304273409,2409,832
1572,687664829264453632,1920,504
1573,687494652870668288,1879,568
1574,687480748861947905,1584,235
1575,687476254459715584,1966,525
1576,687460506001633280,2042,540
1577,687399393394311168,1871,609
1578,687317306314240000,19927,9067
1579,687312378585812992,4315,1873
1580,687127927494963200,5377,2241
1581,687124485711986689,2150,499
1582,687109925361856513,5733,2427
1583,687102708889812993,2320,966
1584,687096057537363968,2212,599
1585,686947101016735744,8545,3150
1586,686760001961103360,3485,1364
1587,686749460672679938,3435,1439
1588,686730991906516992,4095,1187
1589,686683045143953408,2792,788
1590,686618349602762752,3671,1350
1591,686606069955735556,1869,538
1592,686394059078897668,1722,682
1593,686386521809772549,3224,868
1594,686377065986265092,2182,557
1595,686358356425093120,2163,660
1596,686286779679375361,3962,1644
1597,686050296934563840,2195,721
1598,686035780142297088,1137,115
1599,686034024800862208,3053,1129
1600,686007916130873345,2458,405
1601,686003207160610816,1808,614
1602,685973236358713344,2078,515
1603,685943807276412928,1617,584
1604,685906723014619143,7427,2841
1605,685681090388975616,2009,123
1606,685667379192414208,2338,559
1607,685663452032069632,3197,1436
1608,685641971164143616,2911,770
1609,685547936038666240,32592,15419
1610,685532292383666176,3005,1144
1611,685325112850124800,9357,3918
1612,685321586178670592,2623,628
1613,685315239903100929,3277,1029
1614,685307451701334016,2049,438
1615,685268753634967552,3062,1187
1616,685198997565345792,2320,661
1617,685169283572338688,4065,1409
1618,684969860808454144,2364,363
1619,684959798585110529,6757,3082
1620,684940049151070208,3181,1035
1621,684926975086034944,3459,456
1622,684914660081053696,3480,1433
1623,684902183876321280,1853,521
1624,684880619965411328,2065,799
1625,684830982659280897,34666,21394
1626,684800227459624960,2709,989
1627,684594889858887680,8811,3459
1628,684588130326986752,4075,1389
1629,684567543613382656,2982,1192
1630,684538444857667585,2621,937
1631,684481074559381504,3851,1156
1632,684460069371654144,1955,556
1633,684241637099323392,8040,3236
1634,684225744407494656,1213,206
1635,684222868335505415,3777,1352
1636,684200372118904832,2127,1021
1637,684195085588783105,1883,504
1638,684188786104872960,3461,1159
1639,684177701129875456,1993,657
1640,684147889187209216,2953,1496
1641,684122891630342144,1983,463
1642,684097758874210310,4071,1412
1643,683857920510050305,3767,1109
1644,683852578183077888,1918,340
1645,683849932751646720,2581,951
1646,683834909291606017,2597,1096
1647,683828599284170753,2766,1053
1648,683773439333797890,3311,1331
1649,683742671509258241,6399,3251
1650,683515932363329536,7258,2844
1651,683498322573824003,3140,951
1652,683481228088049664,2629,987
1653,683462770029932544,2401,663
1654,683449695444799489,3847,1582
1655,683391852557561860,7556,2370
1656,683357973142474752,2873,904
1657,683142553609318400,2838,1029
1658,683111407806746624,3367,895
1659,683098815881154561,2143,648
1660,683078886620553216,1969,553
1661,683030066213818368,2142,729
1662,682962037429899265,36399,16322
1663,682808988178739200,1760,166
1664,682788441537560576,2448,1093
1665,682750546109968385,1504,429
1666,682697186228989953,1305,355
1667,682662431982772225,3028,1065
1668,682638830361513985,2057,590
1669,682429480204398592,3400,1138
1670,682406705142087680,7469,1744
1671,682393905736888321,2211,658
1672,682389078323662849,1640,451
1673,682303737705140231,3022,959
1674,682259524040966145,4084,1183
1675,682242692827447297,3211,1145
1676,682088079302213632,18032,9720
1677,682059653698686977,4879,1656
1678,682047327939461121,3158,922
1679,682032003584274432,6500,1974
1680,682003177596559360,3090,1500
1681,681981167097122816,2780,1019
1682,681891461017812993,2444,804
1683,681694085539872773,12660,4007
1684,681679526984871937,1750,432
1685,681654059175129088,2611,912
1686,681610798867845120,1881,459
1687,681579835668455424,3512,1281
1688,681523177663676416,14129,5680
1689,681340665377193984,1629,275
1690,681339448655802368,9174,4032
1691,681320187870711809,2615,730
1692,681302363064414209,3892,1791
1693,681297372102656000,3174,940
1694,681281657291280384,3197,1087
1695,681261549936340994,1441,267
1696,681242418453299201,1469,523
1697,681231109724700672,2380,478
1698,681193455364796417,3653,1459
1699,680970795137544192,2396,646
1700,680959110691590145,4534,1978
1701,680940246314430465,3168,1036
1702,680934982542561280,2063,428
1703,680913438424612864,2374,612
1704,680889648562991104,1741,358
1705,680836378243002368,3420,1299
1706,680805554198020098,2133,656
1707,680801747103793152,2353,807
1708,680798457301471234,2816,1013
1709,680609293079592961,2598,689
1710,680583894916304897,3576,1312
1711,680497766108381184,4187,1878
1712,680494726643068929,1696,479
1713,680473011644985345,2512,735
1714,680440374763077632,1426,494
1715,680221482581123072,1449,290
1716,680206703334408192,2795,1148
1717,680191257256136705,2114,492
1718,680176173301628928,3846,1525
1719,680161097740095489,2295,723
1720,680145970311643136,3561,1710
1721,680130881361686529,2259,927
1722,680115823365742593,2681,890
1723,680100725817409536,3524,1348
1724,680085611152338944,12654,8843
1725,680070545539371008,2549,846
1726,680055455951884288,0,0
1727,679877062409191424,1960,640
1728,679872969355714560,2158,652
1729,679862121895714818,2418,604
1730,679854723806179328,2811,1205
1731,679844490799091713,2336,748
1732,679828447187857408,35751,13766
1733,679777920601223168,3054,1082
1734,679736210798047232,2067,777
1735,679729593985699840,2138,809
1736,679722016581222400,1638,459
1737,679530280114372609,4721,2045
1738,679527802031484928,2602,710
1739,679511351870550016,3307,1244
1740,679503373272485890,3128,1440
1741,679475951516934144,2064,626
1742,679462823135686656,31072,18427
1743,679405845277462528,2336,1180
1744,679158373988876288,20925,7880
1745,679148763231985668,2732,1008
1746,679132435750195208,2927,1132
1747,679111216690831360,5862,2533
1748,679062614270468097,16660,7908
1749,679047485189439488,2209,650
1750,679001094530465792,2780,1197
1751,678991772295516161,2261,1132
1752,678969228704284672,1616,447
1753,678800283649069056,2521,878
1754,678798276842360832,3397,1136
1755,678774928607469569,2761,883
1756,678767140346941444,3465,1328
1757,678764513869611008,1605,464
1758,678755239630127104,6974,3205
1759,678740035362037760,3688,1639
1760,678708137298427904,5500,2374
1761,678675843183484930,2806,1425
1762,678643457146150913,2009,395
1763,678446151570427904,3926,1505
1764,678424312106393600,5372,2482
1765,678410210315247616,4131,1765
1766,678399652199309312,77777,31032
1767,678396796259975168,1565,405
1768,678389028614488064,1832,412
1769,678380236862578688,2389,889
1770,678341075375947776,1699,525
1771,678334497360859136,1284,248
1772,678278586130948096,11219,5950
1773,678255464182861824,1560,357
1774,678023323247357953,1875,374
1775,678021115718029313,13341,6186
1776,677961670166224897,3347,1644
1777,677918531514703872,1314,397
1778,677895101218201600,4727,2017
1779,677716515794329600,2991,958
1780,677700003327029250,3320,1413
1781,677698403548192770,1206,311
1782,677687604918272002,2437,828
1783,677673981332312066,3265,1462
1784,677662372920729601,1909,928
1785,677644091929329666,1815,779
1786,677573743309385728,2086,685
1787,677565715327688705,1274,452
1788,677557565589463040,2393,1122
1789,677547928504967168,6794,3587
1790,677530072887205888,1042,222
1791,677335745548390400,2978,1728
1792,677334615166730240,1316,278
1793,677331501395156992,1063,231
1794,677328882937298944,3563,1462
1795,677314812125323265,1607,520
1796,677301033169788928,1207,391
1797,677269281705472000,1933,689
1798,677228873407442944,3467,1595
1799,677187300187611136,2679,894
1800,676975532580409345,2710,1040
1801,676957860086095872,2187,793
1802,676949632774234114,1272,384
1803,676948236477857792,2108,843
1804,676946864479084545,1690,359
1805,676942428000112642,2023,730
1806,676936541936185344,12411,4792
1807,676916996760600576,2910,1765
1808,676897532954456065,2196,707
1809,676864501615042560,2047,688
1810,676821958043033607,22356,15129
1811,676819651066732545,1775,647
1812,676811746707918848,1389,412
1813,676776431406465024,4874,1969
1814,676617503762681856,2813,931
1815,676613908052996102,1053,195
1816,676606785097199616,1842,419
1817,676603393314578432,1133,373
1818,676593408224403456,4442,2099
1819,676590572941893632,894,118
1820,676588346097852417,2255,758
1821,676582956622721024,1161,266
1822,676575501977128964,2511,1084
1823,676533798876651520,1824,537
1824,676496375194980353,1479,518
1825,676470639084101634,11300,4527
1826,676440007570247681,1675,641
1827,676430933382295552,1360,331
1828,676263575653122048,2027,525
1829,676237365392908289,1174,279
1830,676219687039057920,74375,30093
1831,676215927814406144,1686,556
1832,676191832485810177,2219,1001
1833,676146341966438401,1867,641
1834,676121918416756736,2103,1125
1835,676101918813499392,2747,1131
1836,676098748976615425,2915,1373
1837,676089483918516224,1274,424
1838,675898130735476737,1565,555
1839,675891555769696257,2061,826
1840,675888385639251968,2307,927
1841,675878199931371520,4060,1356
1842,675870721063669760,1574,548
1843,675853064436391936,2609,1249
1844,675849018447167488,915,138
1845,675845657354215424,2205,849
1846,675822767435051008,1476,518
1847,675820929667219457,1015,227
1848,675798442703122432,9949,3303
1849,675781562965868544,1582,451
1850,675740360753160193,1131,329
1851,675710890956750848,1827,787
1852,675707330206547968,1910,659
1853,675706639471788032,626,91
1854,675534494439489536,1775,397
1855,675531475945709568,1148,369
1856,675522403582218240,1009,276
1857,675517828909424640,1247,451
1858,675501075957489664,16619,5630
1859,675497103322386432,3033,1243
1860,675489971617296384,1254,573
1861,675483430902214656,1787,944
1862,675432746517426176,1469,551
1863,675372240448454658,1629,499
1864,675362609739206656,1022,222
1865,675354435921575936,31448,16180
1866,675349384339542016,3790,2187
1867,675334060156301312,2672,1239
1868,675166823650848770,3452,1528
1869,675153376133427200,6030,2477
1870,675149409102012420,3629,1620
1871,675147105808306176,910,221
1872,675146535592706048,1141,285
1873,675145476954566656,2058,858
1874,675135153782571009,1263,464
1875,675113801096802304,1880,757
1876,675111688094527488,926,242
1877,675109292475830276,2701,1092
1878,675047298674663426,1032,308
1879,675015141583413248,2610,1138
1880,675006312288268288,943,211
1881,675003128568291329,1504,447
1882,674999807681908736,2164,1064
1883,674805413498527744,832,342
1884,674800520222154752,2905,819
1885,674793399141146624,2418,1046
1886,674790488185167872,1064,241
1887,674788554665512960,785,203
1888,674781762103414784,1936,1147
1889,674774481756377088,1072,452
1890,674767892831932416,1756,751
1891,674764817387900928,766,229
1892,674754018082705410,1319,425
1893,674752233200820224,1414,447
1894,674743008475090944,1349,527
1895,674742531037511680,467,49
1896,674739953134403584,1061,372
1897,674737130913071104,621,84
1898,674690135443775488,1104,454
1899,674670581682434048,1549,619
1900,674664755118911488,883,238
1901,674646392044941312,1380,471
1902,674644256330530816,996,259
1903,674638615994089473,1632,559
1904,674632714662858753,1451,551
1905,674606911342424069,904,93
1906,674468880899788800,5991,1942
1907,674447403907457024,1027,345
1908,674436901579923456,1072,369
1909,674422304705744896,1375,520
1910,674416750885273600,666,131
1911,674410619106390016,1156,441
1912,674394782723014656,1461,550
1913,674372068062928900,822,303
1914,674330906434379776,544,72
1915,674318007229923329,1356,499
1916,674307341513269249,10927,6659
1917,674291837063053312,14134,5604
1918,674271431610523648,1510,700
1919,674269164442398721,879,220
1920,674265582246694913,1577,806
1921,674262580978937856,1259,432
1922,674255168825880576,1404,519
1923,674082852460433408,734,161
1924,674075285688614912,956,271
1925,674063288070742018,6122,2094
1926,674053186244734976,3163,1235
1927,674051556661161984,1397,468
1928,674045139690631169,1347,612
1929,674042553264685056,691,121
1930,674038233588723717,1064,401
1931,674036086168010753,820,196
1932,674024893172875264,1709,1170
1933,674019345211760640,1084,289
1934,674014384960745472,1500,608
1935,674008982932058114,1147,339
1936,673956914389192708,1878,911
1937,673919437611909120,1122,353
1938,673906403526995968,3048,1556
1939,673887867907739649,903,242
1940,673716320723169284,2963,715
1941,673715861853720576,3406,1967
1942,673711475735838725,997,284
1943,673709992831262724,801,258
1944,673708611235921920,1030,273
1945,673707060090052608,1058,372
1946,673705679337693185,1209,390
1947,673700254269775872,1374,539
1948,673697980713705472,3806,1875
1949,673689733134946305,1668,615
1950,673688752737402881,1211,473
1951,673686845050527744,1377,412
1952,673680198160809984,1314,439
1953,673662677122719744,1201,349
1954,673656262056419329,692,223
1955,673636718965334016,1056,344
1956,673612854080196609,1533,684
1957,673583129559498752,1145,341
1958,673580926094458881,798,263
1959,673576835670777856,1332,537
1960,673363615379013632,985,290
1961,673359818736984064,1387,641
1962,673355879178194945,1439,545
1963,673352124999274496,1593,513
1964,673350198937153538,720,198
1965,673345638550134785,2409,1200
1966,673343217010679808,926,258
1967,673342308415348736,1216,545
1968,673320132811366400,12877,7490
1969,673317986296586240,841,244
1970,673295268553605120,7204,3019
1971,673270968295534593,1032,346
1972,673240798075449344,1369,683
1973,673213039743795200,2148,800
1974,673148804208660480,1626,593
1975,672997845381865473,1888,676
1976,672995267319328768,910,273
1977,672988786805112832,947,272
1978,672984142909456390,1205,516
1979,672980819271634944,1747,960
1980,672975131468300288,1600,858
1981,672970152493887488,913,340
1982,672968025906282496,1270,516
1983,672964561327235073,1368,614
1984,672902681409806336,1312,467
1985,672898206762672129,864,403
1986,672884426393653248,1481,801
1987,672877615439593473,992,332
1988,672834301050937345,1255,537
1989,672828477930868736,1200,463
1990,672640509974827008,940,300
1991,672622327801233409,1240,463
1992,672614745925664768,1178,552
1993,672609152938721280,1066,372
1994,672604026190569472,1063,381
1995,672594978741354496,1279,586
1996,672591762242805761,914,321
1997,672591271085670400,694,177
1998,672538107540070400,991,344
1999,672523490734551040,602,160
2000,672488522314567680,1063,412
2001,672482722825261057,1079,568
2002,672481316919734272,689,123
2003,672475084225949696,1388,665
2004,672466075045466113,1297,505
2005,672272411274932228,6172,3195
2006,672267570918129665,1422,588
2007,672264251789176834,1089,321
2008,672256522047614977,2704,1463
2009,672254177670729728,1376,705
2010,672248013293752320,1664,570
2011,672245253877968896,655,146
2012,672239279297454080,859,306
2013,672231046314901505,1748,957
2014,672222792075620352,753,202
2015,672205392827572224,2161,1094
2016,672169685991993344,977,350
2017,672160042234327040,837,339
2018,672139350159835138,1662,656
2019,672125275208069120,2285,1082
2020,672095186491711488,956,351
2021,672082170312290304,903,346
2022,672068090318987265,1239,486
2023,671896809300709376,8138,3972
2024,671891728106971137,1260,542
2025,671882082306625538,3307,1318
2026,671879137494245376,1352,633
2027,671874878652489728,1198,522
2028,671866342182637568,1074,467
2029,671855973984772097,865,415
2030,671789708968640512,6747,3290
2031,671768281401958400,1148,470
2032,671763349865160704,1596,853
2033,671744970634719232,1295,719
2034,671743150407421952,721,226
2035,671735591348891648,1382,717
2036,671729906628341761,8117,4126
2037,671561002136281088,12202,6866
2038,671550332464455680,867,199
2039,671547767500775424,1291,559
2040,671544874165002241,1872,998
2041,671542985629241344,1044,536
2042,671538301157904385,891,368
2043,671536543010570240,1114,385
2044,671533943490011136,977,548
2045,671528761649688577,804,245
2046,671520732782923777,1336,501
2047,671518598289059840,908,283
2048,671511350426865664,1524,669
2049,671504605491109889,6677,3366
2050,671497587707535361,882,424
2051,671488513339211776,956,453
2052,671486386088865792,553,184
2053,671485057807351808,726,222
2054,671390180817915904,1378,708
2055,671362598324076544,1058,285
2056,671357843010908160,383,146
2057,671355857343524864,464,113
2058,671347597085433856,917,406
2059,671186162933985280,699,197
2060,671182547775299584,1072,319
2061,671166507850801152,836,327
2062,671163268581498880,1568,1037
2063,671159727754231808,351,75
2064,671154572044468225,681,206
2065,671151324042559489,639,143
2066,671147085991960577,639,202
2067,671141549288370177,1099,620
2068,671138694582165504,879,376
2069,671134062904504320,712,181
2070,671122204919246848,3325,2373
2071,671115716440031232,1303,737
2072,671109016219725825,1095,413
2073,670995969505435648,1061,279
2074,670842764863651840,23575,8241
2075,670840546554966016,560,183
2076,670838202509447168,1058,655
2077,670833812859932673,419,115
2078,670832455012716544,698,206
2079,670826280409919488,5277,3853
2080,670823764196741120,739,176
2081,670822709593571328,580,91
2082,670815497391357952,3033,1459
2083,670811965569282048,1076,256
2084,670807719151067136,1115,464
2085,670804601705242624,1870,909
2086,670803562457407488,328,84
2087,670797304698376195,705,223
2088,670792680469889025,788,259
2089,670789397210615808,632,224
2090,670786190031921152,572,192
2091,670783437142401025,789,365
2092,670782429121134593,1480,728
2093,670780561024270336,759,273
2094,670778058496974848,319,70
2095,670764103623966721,1036,400
2096,670755717859713024,423,101
2097,670733412878163972,915,486
2098,670727704916926465,797,338
2099,670717338665226240,1139,458
2100,670704688707301377,736,353
2101,670691627984359425,563,231
2102,670679630144274432,717,269
2103,670676092097810432,236,39
2104,670668383499735048,10194,4744
2105,670474236058800128,1444,703
2106,670468609693655041,340,82
2107,670465786746662913,930,514
2108,670452855871037440,526,193
2109,670449342516494336,1153,617
2110,670444955656130560,6426,1881
2111,670442337873600512,621,189
2112,670435821946826752,1010,486
2113,670434127938719744,1344,613
2114,670433248821026816,316,106
2115,670428280563085312,1320,585
2116,670427002554466305,498,150
2117,670421925039075328,1249,601
2118,670420569653809152,592,298
2119,670417414769758208,546,305
2120,670411370698022913,1930,842
2121,670408998013820928,530,208
2122,670403879788544000,408,144
2123,670385711116361728,541,192
2124,670374371102445568,718,252
2125,670361874861563904,316,61
2126,670338931251150849,407,101
2127,670319130621435904,3721,1153
2128,670303360680108032,416,123
2129,670290420111441920,665,268
2130,670093938074779648,985,316
2131,670086499208155136,668,240
2132,670079681849372674,2118,1158
2133,670073503555706880,1487,747
2134,670069087419133954,595,225
2135,670061506722140161,729,314
2136,670055038660800512,636,308
2137,670046952931721218,618,162
2138,670040295598354432,718,105
2139,670037189829525505,569,258
2140,670003130994700288,317,85
2141,669993076832759809,311,79
2142,669972011175813120,422,148
2143,669970042633789440,288,54
2144,669942763794931712,482,150
2145,669926384437997569,361,92
2146,669923323644657664,224,53
2147,669753178989142016,771,374
2148,669749430875258880,253,63
2149,669684865554620416,493,86
2150,669683899023405056,370,102
2151,669682095984410625,339,128
2152,669680153564442624,640,268
2153,669661792646373376,774,410
2154,669625907762618368,3361,1708
2155,669603084620980224,910,341
2156,669597912108789760,491,142
2157,669583744538451968,1425,873
2158,669573570759163904,418,131
2159,669571471778410496,1519,961
2160,669567591774625800,226,52
2161,669564461267722241,373,116
2162,669393256313184256,344,69
2163,669375718304980992,1267,688
2164,669371483794317312,475,168
2165,669367896104181761,440,142
2166,669363888236994561,596,215
2167,669359674819481600,354,113
2168,669354382627049472,2569,1213
2169,669353438988365824,601,245
2170,669351434509529089,413,169
2171,669328503091937280,973,395
2172,669327207240699904,550,114
2173,669324657376567296,476,196
2174,669216679721873412,1145,384
2175,669214165781868544,420,150
2176,669203728096960512,959,441
2177,669037058363662336,626,295
2178,669015743032369152,711,352
2179,669006782128353280,554,230
2180,669000397445533696,19972,6030
2181,668994913074286592,423,211
2182,668992363537309700,714,320
2183,668989615043424256,641,312
2184,668988183816871936,865,438
2185,668986018524233728,528,155
2186,668981893510119424,515,284
2187,668979806671884288,763,329
2188,668975677807423489,1244,551
2189,668967877119254528,139,21
2190,668960084974809088,672,230
2191,668955713004314625,264,67
2192,668932921458302977,250,54
2193,668902994700836864,303,94
2194,668892474547511297,384,140
2195,668872652652679168,506,286
2196,668852170888998912,432,151
2197,668826086256599040,418,126
2198,668815180734689280,536,248
2199,668779399630725120,677,349
2200,668655139528511488,499,206
2201,668645506898350081,834,502
2202,668643542311546881,835,500
2203,668641109086707712,1021,510
2204,668636665813057536,993,465
2205,668633411083464705,2671,1516
2206,668631377374486528,678,301
2207,668627278264475648,300,108
2208,668625577880875008,365,121
2209,668623201287675904,1360,710
2210,668620235289837568,190,38
2211,668614819948453888,588,300
2212,668587383441514497,1586,1012
2213,668567822092664832,230,49
2214,668544745690562560,490,214
2215,668542336805281792,432,200
2216,668537837512433665,241,67
2217,668528771708952576,441,210
2218,668507509523615744,311,98
2219,668496999348633600,391,124
2220,668484198282485761,409,220
2221,668480044826800133,437,139
2222,668466899341221888,852,483
2223,668297328638447616,600,280
2224,668291999406125056,231,29
2225,668286279830867968,481,129
2226,668274247790391296,782,222
2227,668268907921326080,531,222
2228,668256321989451776,1231,568
2229,668248472370458624,922,453
2230,668237644992782336,5896,2678
2231,668226093875376128,284,96
2232,668221241640230912,494,186
2233,668204964695683073,533,184
2234,668190681446379520,616,190
2235,668171859951755264,464,183
2236,668154635664932864,473,294
2237,668142349051129856,549,264
2238,668113020489474048,639,222
2239,667937095915278337,1191,753
2240,667924896115245057,280,108
2241,667915453470232577,199,53
2242,667911425562669056,469,281
2243,667902449697558528,818,359
2244,667886921285246976,1778,1015
2245,667885044254572545,779,446
2246,667878741721415682,375,111
2247,667873844930215936,596,383
2248,667866724293877760,2885,976
2249,667861340749471744,230,74
2250,667832474953625600,283,59
2251,667806454573760512,1008,462
2252,667801013445750784,314,92
2253,667793409583771648,669,311
2254,667782464991965184,395,232
2255,667773195014021121,223,52
2256,667766675769573376,419,204
2257,667728196545200128,362,143
2258,667724302356258817,459,305
2259,667550904950915073,0,32
2260,667550882905632768,0,32
2261,667549055577362432,5496,2122
2262,667546741521195010,325,115
2263,667544320556335104,817,494
2264,667538891197542400,195,61
2265,667534815156183040,780,494
2266,667530908589760512,446,224
2267,667524857454854144,1612,1055
2268,667517642048163840,350,181
2269,667509364010450944,6466,2008
2270,667502640335572993,512,211
2271,667495797102141441,498,249
2272,667491009379606528,499,211
2273,667470559035432960,243,90
2274,667455448082227200,182,56
2275,667453023279554560,297,84
2276,667443425659232256,746,543
2277,667437278097252352,427,223
2278,667435689202614272,295,79
2279,667405339315146752,446,211
2280,667393430834667520,184,52
2281,667369227918143488,350,153
2282,667211855547486208,463,224
2283,667200525029539841,582,245
2284,667192066997374976,364,92
2285,667188689915760640,710,375
2286,667182792070062081,13568,5789
2287,667177989038297088,183,51
2288,667176164155375616,580,429
2289,667174963120574464,233,73
2290,667171260800061440,210,77
2291,667165590075940865,2545,1054
2292,667160273090932737,241,59
2293,667152164079423490,45247,15893
2294,667138269671505920,4341,2050
2295,667119796878725120,317,122
2296,667090893657276420,316,117
2297,667073648344346624,379,112
2298,667070482143944705,79,13
2299,667065535570550784,159,41
2300,667062181243039745,208,49
2301,667044094246576128,174,46
2302,667012601033924608,423,211
2303,666996132027977728,229,84
2304,666983947667116034,2415,915
2305,666837028449972224,764,517
2306,666835007768551424,200,75
2307,666826780179869698,241,87
2308,666817836334096384,483,236
2309,666804364988780544,219,85
2310,666786068205871104,711,454
2311,666781792255496192,363,177
2312,666776908487630848,328,161
2313,666739327293083650,222,61
2314,666701168228331520,406,203
2315,666691418707132416,174,45
2316,666649482315059201,1056,577
2317,666644823164719104,220,76
2318,666454714377183233,486,199
2319,666447344410484738,97,18
2320,666437273139982337,114,42
2321,666435652385423360,158,47
2322,666430724426358785,293,177
2323,666428276349472768,154,76
2324,666421158376562688,295,105
2325,666418789513326592,113,42
2326,666411507551481857,408,295
2327,666407126856765440,99,32
2328,666396247373291520,156,75
2329,666373753744588802,172,82
2330,666362758909284353,720,516
2331,666353288456101888,197,64
2332,666345417576210432,274,128
2333,666337882303524864,180,83
2334,666293911632134144,465,317
2335,666287406224695296,135,60
2336,666273097616637952,160,70
2337,666268910803644416,96,32
2338,666104133288665088,13545,5937
2339,666102155909144576,70,11
2340,666099513787052032,142,58
2341,666094000022159362,153,66
2342,666082916733198337,103,41
2343,666073100786774016,296,145
2344,666071193221509120,135,52
2345,666063827256086533,448,195
2346,666058600524156928,105,53
2347,666057090499244032,268,124
2348,666055525042405380,407,219
2349,666051853826850816,1119,770
2350,666050758794694657,124,51
2351,666049248165822465,96,40
2352,666044226329800704,270,130
2353,666033412701032449,111,41
2354,666029285002620928,120,42
2355,666020888022790149,2394,460
